{"loss":{"0":0.0612962171,"1":0.1226336136,"2":0.0971664637,"3":0.0580170862,"4":0.036441274,"5":0.0287948549,"6":0.0457392707,"7":0.100669235,"8":0.0154656284,"9":0.0249382053,"10":0.2695662379,"11":0.022792628,"12":0.0978631154,"13":0.0283386726,"14":0.0202896409,"15":0.2461820394,"16":0.0335715674,"17":0.1029805467,"18":0.0901352093,"19":0.0178738348,"20":0.4272670746,"21":0.0660039932,"22":0.0266147517,"23":0.0215023383,"24":0.0276845619,"25":0.027996365,"26":0.1007446796,"27":0.5312632322,"28":0.0181067549,"29":0.0209449958,"30":0.1539035738,"31":0.0364779532,"32":0.0362375118,"33":0.074766472,"34":0.0794299543,"35":0.1764181852,"36":0.0586805865,"37":0.1082033366,"38":0.2424873561,"39":0.2137812972,"40":0.143874824,"41":0.0816546082,"42":0.2216157615,"43":0.0318424366,"44":0.0576619282,"45":0.044870697,"46":0.2248197198,"47":0.2697310448,"48":0.266815424,"49":0.2546874285,"50":0.0792851001,"51":0.0619746894,"52":0.0414726585,"53":0.0800173506,"54":0.1058778763,"55":0.0949002802,"56":0.0562664606,"57":0.0546804331,"58":0.0550327897,"59":0.0933476239,"60":0.0377210602,"61":0.1367483437,"62":0.1045596674,"63":0.0846408531,"64":0.0493155196,"65":0.0278441794,"66":0.1075038835,"67":0.3136351109,"68":0.116965957,"69":0.0656680837,"70":0.0272039622,"71":0.1481337249,"72":0.0614779964,"73":0.0292536467,"74":0.0412333012,"75":0.0281178318,"76":0.0761065334,"77":0.158722654,"78":0.0538986102,"79":0.0387098864,"80":0.0333567411,"81":0.0384820513,"82":0.239075318,"83":0.0312562361,"84":0.1095587015,"85":0.022536369,"86":0.1777726561,"87":0.0422075465,"88":0.0307042319,"89":0.0340168104,"90":0.0342729464,"91":0.0956280828,"92":0.0769224465,"93":0.3870676458,"94":0.043388322,"95":0.9519486427,"96":0.062659584,"97":0.1211194247,"98":0.0783703104,"99":0.0375949368},"dice":{"0":0.9632055759,"1":0.9365701675,"2":0.9529382586,"3":0.9575451016,"4":0.9766250253,"5":0.9764961004,"6":0.9707968235,"7":0.9537923336,"8":0.987190783,"9":0.9848983288,"10":0.9376016259,"11":0.9881563783,"12":0.9741011858,"13":0.9846742749,"14":0.9877088666,"15":0.9485273361,"16":0.9805639386,"17":0.9647191763,"18":0.9613512754,"19":0.9869707227,"20":0.916790843,"21":0.9686923027,"22":0.980927825,"23":0.982188046,"24":0.9784186482,"25":0.9801804423,"26":0.966473937,"27":0.8557528853,"28":0.9847422838,"29":0.9811692834,"30":0.9433796406,"31":0.9705444574,"32":0.9753755331,"33":0.9556016326,"34":0.9545731544,"35":0.9221132398,"36":0.9627041817,"37":0.9469130635,"38":0.9189565778,"39":0.9204326868,"40":0.9390018582,"41":0.9554226995,"42":0.9094545245,"43":0.9718346,"44":0.9551405311,"45":0.9623737931,"46":0.9089182615,"47":0.9060175419,"48":0.9084563255,"49":0.9109309912,"50":0.9537214637,"51":0.9539570808,"52":0.9647259712,"53":0.9437664747,"54":0.938421607,"55":0.9527270198,"56":0.9588375688,"57":0.9604210258,"58":0.9643895626,"59":0.9479606748,"60":0.967636764,"61":0.9412358999,"62":0.9547232985,"63":0.9461405873,"64":0.9648170471,"65":0.9756859541,"66":0.9485755563,"67":0.9330370426,"68":0.9575818181,"69":0.9694479108,"70":0.9763884544,"71":0.958879292,"72":0.9732393622,"73":0.9822763801,"74":0.9778060317,"75":0.9811037183,"76":0.9669808149,"77":0.9440796375,"78":0.9729112387,"79":0.979297936,"80":0.9811533093,"81":0.9794490337,"82":0.9059383869,"83":0.978316009,"84":0.9619520307,"85":0.9834297895,"86":0.9443961382,"87":0.9750094414,"88":0.9823561907,"89":0.9787726998,"90":0.9785360098,"91":0.9641973376,"92":0.9645885229,"93":0.9207491279,"94":0.9782229662,"95":0.8119796515,"96":0.9695953727,"97":0.947727561,"98":0.9604747891,"99":0.9727030993},"dice_coef":{"0":0.9632058144,"1":0.936570406,"2":0.9529384375,"3":0.9575452805,"4":0.9766251445,"5":0.9764961004,"6":0.9707969427,"7":0.9537925124,"8":0.9871908426,"9":0.9848983288,"10":0.9376019239,"11":0.9881563187,"12":0.9741011858,"13":0.9846743345,"14":0.9877088666,"15":0.9485275745,"16":0.9805641174,"17":0.9647192955,"18":0.9613513947,"19":0.9869706631,"20":0.9167912006,"21":0.9686925411,"22":0.980927825,"23":0.9821881056,"24":0.9784188271,"25":0.9801805019,"26":0.9664739966,"27":0.855753541,"28":0.9847423434,"29":0.981169343,"30":0.9433798194,"31":0.970544517,"32":0.9753756523,"33":0.9556016922,"34":0.9545732737,"35":0.9221135378,"36":0.9627043009,"37":0.9469133019,"38":0.9189568758,"39":0.9204330444,"40":0.939002037,"41":0.9554228783,"42":0.9094548225,"43":0.9718346596,"44":0.9551407099,"45":0.9623739719,"46":0.9089186192,"47":0.9060179591,"48":0.9084567428,"49":0.9109313488,"50":0.9537216425,"51":0.9539572597,"52":0.9647260904,"53":0.9437666535,"54":0.9384219646,"55":0.9527271986,"56":0.9588377476,"57":0.960421145,"58":0.964389801,"59":0.947960794,"60":0.9676368237,"61":0.9412361979,"62":0.9547234774,"63":0.9461407661,"64":0.9648171663,"65":0.9756860733,"66":0.9485757947,"67":0.933037281,"68":0.9575819373,"69":0.9694479704,"70":0.9763884544,"71":0.9588794112,"72":0.9732394218,"73":0.9822764993,"74":0.9778060913,"75":0.9811037779,"76":0.9669810534,"77":0.9440798163,"78":0.9729112983,"79":0.9792979956,"80":0.9811533689,"81":0.9794490933,"82":0.9059387445,"83":0.9783160686,"84":0.9619520903,"85":0.9834299684,"86":0.9443963766,"87":0.9750095606,"88":0.9823562503,"89":0.9787727594,"90":0.978536129,"91":0.9641975164,"92":0.9645886421,"93":0.9207493663,"94":0.9782230854,"95":0.8119803667,"96":0.9695954323,"97":0.9477277994,"98":0.960474968,"99":0.9727032185},"dicePerClass":{"0":0.5718568563,"1":0.5564642549,"2":0.5374133587,"3":0.5182729363,"4":0.5226657391,"5":0.5065512657,"6":0.5147762895,"7":0.5553947687,"8":0.4997338057,"9":0.5022858381,"10":0.5012691021,"11":0.5232236385,"12":0.4992750287,"13":0.5222233534,"14":0.5045774579,"15":0.4933266044,"16":0.5398679376,"17":0.5106526613,"18":0.5428470373,"19":0.5005662441,"20":0.482994318,"21":0.527802527,"22":0.5108686686,"23":0.4996157289,"24":0.5048239231,"25":0.5263129473,"26":0.5091593266,"27":0.4955122471,"28":0.4973950386,"29":0.5034250021,"30":0.5300251842,"31":0.5939654112,"32":0.5077812076,"33":0.5174642205,"34":0.557664156,"35":0.5230566263,"36":0.4910584688,"37":0.5399008989,"38":0.5233916044,"39":0.5530151129,"40":0.5324091911,"41":0.5826380253,"42":0.5796269774,"43":0.5045710206,"44":0.5445879698,"45":0.4986274242,"46":0.5116384625,"47":0.5061690211,"48":0.5346838236,"49":0.5251537561,"50":0.5005120039,"51":0.5590622425,"52":0.5021461844,"53":0.5848064423,"54":0.5758001208,"55":0.5044568777,"56":0.5170702338,"57":0.5232095718,"58":0.5019968748,"59":0.527102232,"60":0.4973130524,"61":0.5225101709,"62":0.547446847,"63":0.5036447048,"64":0.5139799118,"65":0.4959824681,"66":0.6006975174,"67":0.4885240793,"68":0.5243825912,"69":0.5149075389,"70":0.5102823377,"71":0.5007276535,"72":0.5251694918,"73":0.5272250175,"74":0.5353158712,"75":0.4989247918,"76":0.5455027819,"77":0.5528130531,"78":0.5160813332,"79":0.5139944553,"80":0.5421947241,"81":0.5176912546,"82":0.5501662493,"83":0.5140196085,"84":0.506885767,"85":0.5010595322,"86":0.5063214302,"87":0.5336846709,"88":0.5193932056,"89":0.5000792146,"90":0.5277972221,"91":0.5091308355,"92":0.5169640183,"93":0.4860987067,"94":0.5257062912,"95":0.4532318413,"96":0.5110623837,"97":0.5475780964,"98":0.5410318375,"99":0.4976962507},"accuracy":{"0":0.9770431519,"1":0.9616317749,"2":0.9692382812,"3":0.9867858887,"4":0.9933395386,"5":0.9971008301,"6":0.9907226562,"7":0.9653015137,"8":0.9993209839,"9":0.9968109131,"10":0.9447174072,"11":0.9951400757,"12":0.9842605591,"13":0.9946212769,"14":0.9972686768,"15":0.9565734863,"16":0.9919509888,"17":0.9738998413,"18":0.9730987549,"19":0.998550415,"20":0.9331512451,"21":0.9805679321,"22":0.9962234497,"23":0.9983596802,"24":0.9961471558,"25":0.9949264526,"26":0.9788970947,"27":0.8597717285,"28":0.9990921021,"29":0.9987182617,"30":0.958480835,"31":0.9915924072,"32":0.9949874878,"33":0.9830169678,"34":0.9765319824,"35":0.9423980713,"36":0.9879379272,"37":0.9673461914,"38":0.9350585938,"39":0.9387130737,"40":0.9526443481,"41":0.9744949341,"42":0.9220809937,"43":0.9973831177,"44":0.9884796143,"45":0.9948654175,