{"loss":{"0":0.0069216723,"1":0.007057982,"2":0.0077124974,"3":0.0077408855,"4":0.0103378259,"5":0.0074606212,"6":0.0068058195,"7":0.0066071954,"8":0.0065128873,"9":0.0063800178},"dice":{"0":0.9959033132,"1":0.9958549738,"2":0.9954785705,"3":0.9954606891,"4":0.9942599535,"5":0.9955795407,"6":0.9959771037,"7":0.9960763454,"8":0.9961387515,"9":0.9961870313},"iou_coef":{"0":0.9918797016,"1":0.9917867184,"2":0.9910513163,"3":0.9910181165,"4":0.9887198806,"5":0.9912489057,"6":0.9920249581,"7":0.9922207594,"8":0.9923430681,"9":0.9924373627}}